TABNAME,TABCLASS,AS4LOCAL,AS4VERS
/SBXC/ENVIA_DOCS,TRANSP,A,0000
/SBXC/SIGLA_APP,TRANSP,A,0000
/SBXC/WSCFG,TRANSP,A,0000
/SBXC/WS_LOG,TRANSP,A,0000
/SBXC/ZCKPTAB10T,TRANSP,A,0000
/SBXC/ZCKP_ADNT,TRANSP,A,0000
/SBXC/ZCKP_CTRL,TRANSP,A,0000
/SBXC/ZCKP_EKKN,TRANSP,A,0000
/SBXC/ZCKP_EVENT,TRANSP,A,0000
/SBXC/ZCKP_HINVH,TRANSP,A,0000
/SBXC/ZCKP_HINVI,TRANSP,A,0000
/SBXC/ZCKP_HMAIL,TRANSP,A,0000
/SBXC/ZCKP_IMG,TRANSP,A,0000
/SBXC/ZCKP_INC,TRANSP,A,0000
/SBXC/ZCKP_INVH,TRANSP,A,0000
/SBXC/ZCKP_INVI,TRANSP,A,0000
/SBXC/ZCKP_MAILS,TRANSP,A,0000
/SBXC/ZCKP_MESS,TRANSP,A,0000
/SBXC/ZCKP_MFI,TRANSP,A,0000
/SBXC/ZCKP_MIAS,TRANSP,A,0000
/SBXC/ZCKP_MIVA,TRANSP,A,0000
/SBXC/ZCKP_MPED,TRANSP,A,0000
/SBXC/ZCKP_PARAM,TRANSP,A,0000
/SBXC/ZCKP_PJOB,TRANSP,A,0000
/SBXC/ZCKP_POMIG,TRANSP,A,0000
/SBXC/ZCKP_TAB00,TRANSP,A,0000
/SBXC/ZCKP_TAB01,TRANSP,A,0000
/SBXC/ZCKP_TAB02,TRANSP,A,0000
/SBXC/ZCKP_TAB03,TRANSP,A,0000
/SBXC/ZCKP_TAB04,TRANSP,A,0000
/SBXC/ZCKP_TAB05,TRANSP,A,0000
/SBXC/ZCKP_TAB06,TRANSP,A,0000
/SBXC/ZCKP_TAB07,TRANSP,A,0000
/SBXC/ZCKP_TAB08,TRANSP,A,0000
/SBXC/ZCKP_TAB09,TRANSP,A,0000
/SBXC/ZCKP_TAB10,TRANSP,A,0000
/SBXC/ZCKP_TAB11,TRANSP,A,0000
/SBXC/ZCKP_TAB12,TRANSP,A,0000
/SBXC/ZCKP_TAB13,TRANSP,A,0000
/SBXC/ZCKP_TAB14,TRANSP,A,0000
/SBXC/ZCKP_TAB15,TRANSP,A,0000
/SBXC/ZCKP_TAB18,TRANSP,A,0000
/SBXC/ZCKP_TAB30,TRANSP,A,0000
/SBXC/ZCKP_TAB31,TRANSP,A,0000
/SBXC/ZCKP_TAB32,TRANSP,A,0000
/SBXC/ZCKP_TAB3T,TRANSP,A,0000
/SBXC/ZCKP_WSCFG,TRANSP,A,0000
/SBXC/ZCKP_WSLOG,TRANSP,A,0000
/SBXC/ZMENU,TRANSP,A,0000
/SBXC/Z_ENDPOINT,TRANSP,A,0000
/SBXC/ENVIA_GM,TRANSP,A,0000
/SBXC/ENVIA_PED,TRANSP,A,0000
